Epoch,Loss,Accuracy,Recall
0,60.86197880109151,0.509375,0.48004314994606256
1,56.4493805885315,0.5167025862068966,0.48665955176093917
2,52.39102734021904,0.49583333333333335,0.49185336048879835
